date,region,avg_supplier_delay_days,inventory_units,avg_discount_rate,revenue,cost,gross_margin
2026-05-01,East,1.6511713249239304,4581.217758389635,0.07645620343345268,901.0553060107468,630.3802669695781,0.30039780825389245
2026-05-01,North,2.0549851170186857,4302.962354501269,0.08229169411660738,882.7435361778221,619.7882879624703,0.2978840823393822
2026-05-01,South,1.437110710759097,4631.716066442639,0.07571339209944801,940.2141513691807,658.6057600054705,0.2995151593428155
2026-05-01,West,1.7089310349383908,4244.39720509818,0.07516230447078108,907.7586886706171,634.8254885913159,0.30066713046724225
2026-05-02,East,0.8621532303475584,4379.674395023216,0.08409948135355685,941.1510445728461,658.5843327294106,0.3002352422311577
2026-05-02,North,2.118546463619476,4360.486291606724,0.07685720548050928,870.9039897677551,612.7304872429097,0.2964431275526626
2026-05-02,South,1.993689670994949,4490.241139156392,0.07403503187971472,868.0252672364836,609.8882420408272,0.2973842293986241
2026-05-02,West,1.7151627220452945,4576.651535080919,0.07324040872107088,992.2471693831715,696.8571347271517,0.29769803711271703
2026-05-03,East,1.5940632789490334,4529.736291465979,0.08551754381836238,890.2526767992003,625.0976161281462,0.2978424750424657
2026-05-03,North,1.1085446483062522,4267.780497370436,0.08124912441490698,886.5750685820881,620.6618447620467,0.29993311705157705
2026-05-03,South,1.6456435564638532,4458.824169958087,0.08632690649387535,849.5361279622434,597.7221071638427,0.29641355147828663
2026-05-03,West,1.1706784210999346,4439.798284430979,0.08290121359880862,887.9695039025006,622.4943905610216,0.29896872828937626
2026-05-04,East,1.487201720393935,4653.610487606697,0.0822013033698393,945.260318120228,662.0174169854295,0.2996453947184238
2026-05-04,North,1.9867152201858453,4719.8922579637065,0.09314489121419595,956.0015495368265,668.2360412998339,0.301009457962084
2026-05-04,South,1.0766955524888349,4725.07957167074,0.08062719729830069,924.4057719779562,647.2134156568039,0.2998600449324783
2026-05-04,West,1.8236663608115264,4256.787597796834,0.0700275240504922,1029.2890464049833,719.2035500746863,0.30126182476471336
2026-05-05,East,1.9402739841989376,4400.824992237615,0.08350595407531822,893.1623808960271,627.7708548257738,0.29713692800631686
2026-05-05,North,0.9612036560424025,4458.368402797736,0.08511520657206581,855.0238139798224,599.2669423906161,0.2991225126219021
2026-05-05,South,1.2797578616081897,4625.2724103988985,0.08165109335306046,869.8987447105114,611.242527387449,0.2973406030251707
2026-05-05,West,1.2379089095629987,4598.1919317920065,0.07627408162794205,877.4583673054527,614.3762754782226,0.2998228766512501
2026-05-06,East,1.4347598744084649,4521.147704204206,0.07677325116857796,922.850888499603,647.5484997251391,0.29831730370012244
2026-05-06,North,1.2121596967689898,4592.68810831275,0.0813868806958522,968.666762292999,676.0030579124407,0.30213042892869946
2026-05-06,South,1.447637157883026,4473.5177103075885,0.0802095923860295,859.4650980501428,602.3726038709656,0.29913081376130296
2026-05-06,West,1.030491546480189,4474.305499173697,0.08825182339816659,907.0023823014924,636.0155252080933,0.29877193531264795
2026-05-07,East,1.085377658631558,4391.706027312739,0.08213315792735897,986.5132135681392,688.4528479253373,0.30213519853904586
2026-05-07,North,0.9170183751169267,4571.199477645774,0.0824281103445012,914.403232910987,639.8443518467324,0.30026018192236825
2026-05-07,South,1.1750652250756812,4295.141776964054,0.0804979961266125,925.170185858422,648.2353058023889,0.2993339866427691
2026-05-07,West,0.8984767227259006,4356.155681740306,0.08947610976907386,926.7215309052876,647.3697411753758,0.3014409187806623
2026-05-08,East,2.179214501409207,4798.366266392666,0.08083696133863864,973.521673816635,685.2028274889562,0.29616068556269687
2026-05-08,North,1.0723667240292198,4467.856110197155,0.0706930049445955,934.1745308387715,652.8775609550017,0.3011182178465092
2026-05-08,South,0.5600902786719244,4228.207044668591,0.08485621668157381,943.255768927186,659.4969787274589,0.3008291065343398
2026-05-08,West,1.7578547124736026,4276.696299812842,0.09068625211937537,870.334395639791,610.351486951095,0.29871611416388993
2026-05-09,East,1.1186389648974613,4381.917622642846,0.08477748482645975,840.9510590432446,589.211456967523,0.2993510732504784
2026-05-09,North,1.1658839437591555,4351.265544784929,0.07530592615131035,891.1265503357838,624.6374999008783,0.2990473691244978
2026-05-09,South,1.8742413626042342,4313.68730846652,0.08836121079474062,892.0255986355689,627.8097082793612,0.2961976548210601
2026-05-09,West,1.04841299100519,4172.911869555642,0.07089764526897893,875.7196331828569,613.6799994427283,0.299227770865122
2026-05-10,East,1.5534191743733294,4408.665613102968,0.08359710678016312,950.6561091994256,666.7277711265706,0.29866566398227756
2026-05-10,North,1.865601496155758,4306.9397360656385,0.07933928726604453,967.6542893424983,678.9413850040107,0.2983636899234562
2026-05-10,South,2.2877212254414108,4352.457383801784,0.07715418633038844,951.1221454243337,666.6971115154277,0.2990415429576741
2026-05-10,West,1.5923386599557003,4573.459956682751,0.08619119900646469,862.8716677846584,605.7305414828554,0.2980062225962159
2026-05-11,East,2.2281677175105807,4320.296691314551,0.08087023878548139,921.9942292718188,649.370043207017,0.2956896880798456
2026-05-11,North,1.5338922483450388,4349.397856614396,0.07653775603787621,882.1410838047565,618.748131885722,0.2985837036214164
2026-05-11,South,1.5865014999070306,4560.914335772492,0.08065726493622481,884.0948143003327,620.0029474921554,0.2987144167531149
2026-05-11,West,1.7565207472521547,4629.843059664136,0.08896300705601616,887.4568782805179,621.9539815957784,0.299172729608183
2026-05-12,East,0.5057831144576883,4349.257857019256,0.08952755728158289,908.9915751212227,635.4600132642163,0.3009175985162771
2026-05-12,North,1.8397987107424636,4407.047762260653,0.0726212449621553,997.4240712713457,698.0323684273515,0.30016490624933573
2026-05-12,South,1.8049775795347216,4415.0291562593775,0.07060141250185341,896.5285227472941,629.9030625882745,0.2973976325281664
2026-05-12,West,2.2694146983473273,4579.8950473320965,0.07559177573962353,901.6564718911834,634.3172119529108,0.29649791053741414
2026-05-13,East,2.0235524902265754,4409.893981716941,0.08074239681001025,1000.3422648727544,700.0645271563759,0.3001749983587612
2026-05-13,North,1.7105764081423334,4319.350845995647,0.0725478776077366,867.0868893535338,610.2495868847302,0.29620711098548785
2026-05-13,South,1.6123391224861734,4635.139712724482,0.07605695228530883,886.8483957713065,620.656607879354,0.30015478311875515
2026-05-13,West,1.6011163167461313,4497.124971614485,0.07558023277773256,910.0859510542408,638.5031636100648,0.29841443781169824
2026-05-14,East,1.609984448231214,4655.021912256447,0.0746038685078487,911.9503310346249,639.2086351283451,0.2990751651977024
2026-05-14,North,0.8345507223083715,4597.021260781294,0.0845775649852691,886.3339502425861,621.9570518667587,0.2982813625761131
2026-05-14,South,2.1492493154838685,4485.90576291297,0.07895671909496838,970.5393233904301,682.7280235458248,0.29654779863960656
2026-05-14,West,1.800148065400764,4186.725625805462,0.0741445918692755,969.9558439705019,678.9797842308597,0.2999889753213254
2026-05-15,East,1.2845287604100004,4559.826993982773,0.07327425516109927,900.3652727287547,632.3899642224392,0.2976295472771373
2026-05-15,North,2.126562460193747,4605.68545847579,0.08079730726756683,962.5527247601235,674.6797993749385,0.2990723707700536
2026-05-15,South,1.3078963839651583,4595.622822718435,0.07166927948606927,880.006797568428,618.2585113229263,0.29743893679997235
2026-05-15,West,1.4815819210037828,4578.897655519688,0.06653545358120261,903.936704519303,633.2608754547697,0.29944113090138735
2026-05-16,East,1.5027193080777397,4114.815001455783,0.07963041514311134,851.2786918057775,597.1707552970084,0.2985014648607518
2026-05-16,North,1.5648491212543494,4211.550494360056,0.08976655432245584,827.3220647932636,581.3199934792577,0.29734740771778934
2026-05-16,South,0.8702281577940862,4913.123553128855,0.07567237678491859,916.5419523578921,640.8537104681213,0.3007917326430463
2026-05-16,West,1.032025400434799,4435.684683512976,0.08775953692349317,874.556571911561,613.4164168763846,0.29859721305894443
2026-05-17,East,2.0792861452102693,4511.022547493261,0.07643282593618389,933.8245668713936,656.8286830216708,0.2966251838691139
2026-05-17,North,1.4877338928069135,4364.060219330451,0.08120627706346925,923.4916681750155,647.5932703073652,0.29875569794026935
2026-05-17,South,1.6672090029475253,4427.961998020837,0.08439691988012285,880.9554627684588,616.773268271797,0.2998814419817007
2026-05-17,West,1.1658265436985231,4423.5268179279265,0.08320195631345101,848.6205921296156,595.2140234156899,0.29860996900629205
2026-05-18,East,1.1269655132568945,4783.27551426132,0.08158392972430122,881.0436012469181,618.2342968170092,0.29829318782630254
2026-05-18,North,1.8881981267143577,4419.441278098401,0.07955327153021072,908.315701640903,637.7637239603204,0.29786117006655427
2026-05-18,South,0.7015984129334987,4583.751272325947,0.07966159773905927,857.2315557618857,600.8562014274937,0.29907363140234855
2026-05-18,West,0.9664938543729628,4560.932032203945,0.06892414461798964,951.333739143135,665.8962753940693,0.3000392522671999
2026-05-19,East,1.6048892750010075,4397.74040270203,0.08665774931401733,857.662092125684,601.7342308819664,0.29840174072449654
2026-05-19,North,1.6502936898073102,4505.795608228814,0.08636954448365783,874.5512648261367,612.4578022760808,0.29968907837799635
2026-05-19,South,1.3269724032804702,4416.181741397923,0.0798302928636693,908.3295577689252,636.5739330539179,0.299181747847669
2026-05-19,West,1.1153611984511413,4189.67118346282,0.08260350726247208,879.7965107335453,617.2237503851809,0.29844714902249375
2026-05-20,East,1.5179337976457616,4384.573573855141,0.0702982627259621,916.5346984951834,641.7693839032232,0.29978713849359423
2026-05-20,North,1.242368361142472,4550.650668349439,0.0812178846484463,870.1263607536257,610.5206974934772,0.29835398049003053
2026-05-20,South,1.3222489826565613,4514.139753712696,0.06446191145263638,897.298074296729,630.5491934148757,0.29728012187134334
2026-05-20,West,1.6902173712239417,4545.112811227149,0.07886367114501455,920.4833061138405,645.8007677557322,0.2984112112991836
2026-05-21,East,2.0807077355363917,4417.751815409734,0.07283453779476054,960.7312481942728,675.1712626098546,0.2972319117559026
2026-05-21,North,1.8884988135137548,4496.796203473817,0.07835451750423399,902.3470942416593,633.1466715769461,0.29833356186618154
2026-05-21,South,1.1307232301907482,4319.970614648449,0.0844055557841102,896.2487588632907,627.5007933033927,0.2998586752864798
2026-05-21,West,0.9695735033025346,4654.923141643401,0.07327834554848836,890.700863427264,624.7294865692555,0.2986090928828746
2026-05-22,East,1.156070760161843,4486.300792738941,0.07290824407611549,931.2741055193062,652.2648283426278,0.29959952233515025
2026-05-22,North,1.5910137898356513,4581.593092387856,0.07534561878823706,889.270687219155,623.1515302356432,0.299255514443746
2026-05-22,South,1.7190666864035538,4565.565647095479,0.09075513936551358,871.038506076102,609.647579883196,0.3000911261322222
2026-05-22,West,1.78664271067736,4345.628137287154,0.07157523557796948,971.0004210569607,680.6444148891089,0.2990276830691703
2026-05-23,East,1.2595999605222725,4621.359490422116,0.0844310981792781,853.9845971345802,599.4589118351639,0.2980448197232594
2026-05-23,North,1.8101301888744508,4303.651349876999,0.08542418622505443,855.8732121667608,601.401084978664,0.2973245611273025
2026-05-23,South,2.250815178159638,4549.476387407041,0.07119165882980731,854.6858770514384,602.6831807382915,0.29484832156408775
2026-05-23,West,1.4534843317381303,4342.703139437606,0.09716377749907262,897.7171503695299,630.083099452797,0.2981273676308467
2026-05-24,East,2.0193735209603885,4734.658654560106,0.0782957301926571,979.6355197282762,687.2140559727115,0.2985002665447189
2026-05-24,North,2.13167431910209,4393.117947482609,0.08049416161644392,875.3200465214713,615.8070998299916,0.2964777828667197
2026-05-24,South,1.9997624311875117,4703.928396746987,0.07945605833532154,868.8984869268138,610.7699930750697,0.29707554764505645
2026-05-24,West,1.5626604912773288,4517.750422067367,0.06978044952185947,872.9376324898248,612.205296850997,0.2986838073358774
2026-05-25,East,1.045930453690108,4225.503784567468,0.08429651679468099,852.0606836231759,597.2309311536121,0.2990746520376503
2026-05-25,North,0.8083194604112423,4323.75063169057,0.07742483524945709,880.4202416301129,617.1104664400476,0.29907283219947645
2026-05-25,South,2.0179666703038164,4716.170306570816,0.0717546493521893,965.7984173875436,676.5887348722426,0.29945139410934707
2026-05-25,West,1.6587992548991324,4635.794297208429,0.07955157471456915,958.2807513532297,672.6402634303792,0.2980759944509845
2026-05-26,East,1.5600608986915476,4738.621107987004,0.09094107935674714,880.361121184534,620.1907204787062,0.29552690872555354
2026-05-26,North,1.7499666961768359,4585.113969812817,0.08841759881630462,954.1082415667788,668.1743741062508,0.29968703235492944
2026-05-26,South,1.725957912481066,4525.796180806763,0.07985431514904007,926.3878469942198,649.0602747330021,0.29936443268447593
2026-05-26,West,1.725704679352964,4632.079456078038,0.08334842862187729,936.564666126113,656.8548102958482,0.2986551446439049
2026-05-27,East,1.1059463866136927,4437.783115324922,0.07775874261612736,858.4057338191875,602.1902125717327,0.2984783432276367
2026-05-27,North,1.5159766917701494,4436.763282068124,0.08474126899385565,862.2810640619009,604.3753576107596,0.29909703135105253
2026-05-27,South,1.3374380942977855,4804.662584728598,0.07914058935398403,879.9969340448656,617.3584319429499,0.2984538831228762
2026-05-27,West,1.324847942566435,4331.709331479278,0.0840405013726258,948.7118278745095,663.5414893523832,0.30058689071160927
2026-05-28,East,1.9830200624408925,4622.591899647825,0.07906180714611218,906.7983137351432,634.5179840393591,0.3002655889094556
2026-05-28,North,1.8134419179303483,4379.928641489099,0.06897919271775411,936.4234392994013,656.6063937086593,0.29881465355041853
2026-05-28,South,1.9340767561280383,4630.989457954049,0.08006398670728182,855.6057697707887,603.75637318398,0.294352148483381
2026-05-28,West,1.7023681576586696,4456.685802662788,0.07681257927827408,1104.8943319010878,769.9713709715692,0.3031266893669806
2026-05-29,East,1.805582955346803,4352.402688163091,0.08350079385838763,949.0553874172435,666.5575713984392,0.29766209618976297
2026-05-29,North,1.1968594505339576,4403.958938386961,0.07998215791802864,869.0394076965721,608.9592021344934,0.29927320125957574
2026-05-29,South,1.5437323843004485,4736.179420452402,0.08925572269830484,870.2007673086898,611.0723052862996,0.2977800890980696
2026-05-29,West,1.1772717746566392,4514.584534869497,0.08102434739461076,868.8972956223088,610.0329302677989,0.297922857694142
2026-05-30,East,1.3790928844387647,4495.6425203862855,0.07823392384610461,876.7200354803997,615.9851396268054,0.2973981263137488
2026-05-30,North,0.5199139868048954,4550.977400927056,0.08479442515431317,899.0361381949676,631.1107809041936,0.2980140017827303
2026-05-30,South,1.4474670341261682,4445.370979723763,0.08997064311916168,905.3635619886537,634.5481550920185,0.2991233779077461
2026-05-30,West,2.1161683672847533,4607.97523960077,0.09061195861563592,886.9575025597799,622.7923387149849,0.2978329436104979
2026-05-31,East,1.9540598155504814,4455.5690734946265,0.07987375373138181,955.7150905161795,669.6078741725833,0.29936454826623116
2026-05-31,North,1.0929422013442849,4447.246637059114,0.09219325774045492,977.7617597046334,684.0363280140671,0.3004059309696221
2026-05-31,South,1.3156128952937247,4704.186538593943,0.07084815612984878,881.1883921651752,617.6985505269688,0.2990164691012138
2026-05-31,West,1.42039305247154,4777.490345044444,0.07363889524960945,864.0381738693058,606.9446680599137,0.29754878150589664
2026-06-01,East,1.1414412003419858,4334.596814399178,0.08320052219918235,911.4243407232798,637.7253517386382,0.30029809031371935
2026-06-01,North,1.5521300177203214,4387.825196370151,0.08919015074194223,858.595090233352,602.8513954051527,0.29786298307237274
2026-06-01,South,1.743920028157051,4615.973658623206,0.08356688858155698,901.6851074981973,632.9548657100926,0.29803114141889275
2026-06-01,West,1.6357768430305086,4442.1794388125045,0.07586491416708709,849.3910145314694,595.6800750471575,0.2986974610559788
2026-06-02,East,1.7022480347146245,4224.649680095448,0.0810597505716977,953.048578816712,666.3741406196298,0.30079729886698126
2026-06-02,North,1.8668583465123194,4650.815904044204,0.0807954604467688,863.5796138953959,607.9112508106944,0.29605650593283955
2026-06-02,South,2.205020188839823,4330.731270626858,0.07553876316821238,866.8287977025198,608.7929262143373,0.29767800997393234
2026-06-02,West,1.5489271791316468,4317.986475605833,0.07355139551786731,966.3050241382987,677.5553228887271,0.2988183793280634
2026-06-03,East,0.8931176280577698,4529.579314513142,0.07626917821186051,886.5878630159982,620.023026177552,0.3006637559098146
2026-06-03,North,1.9038703692952221,4879.1240498107745,0.08289434389711153,931.5523451063964,652.6956354303538,0.2993462591135372
2026-06-03,South,1.3342281163757979,4204.711043923695,0.0815950982754485,883.4337158170559,618.8744456182295,0.29946702900527755
2026-06-03,West,0.36379724289012316,4445.892595703525,0.08012789778367725,856.9410999208052,600.3160926160275,0.29946633126651745
2026-06-04,East,1.716761068946449,4664.693801962624,0.07664664536487341,915.3054983960724,644.0903691576033,0.2963110455620889
2026-06-04,North,1.5690771164222614,4596.668063198066,0.08928863521566577,888.952831816945,622.4055751529144,0.29984409422402136
2026-06-04,South,1.6576900962288037,4675.456224880121,0.08398081882266462,902.1878354747312,633.9480101275087,0.2973214831765878
2026-06-04,West,2.0095021647888904,4688.368581400633,0.08544427838882826,924.8358895501959,648.9809920483465,0.29827442967856116
2026-06-05,East,1.3659037784079715,4620.699961218321,0.07808127637770017,896.7771557915619,629.7323836211951,0.2977827551089359
2026-06-05,North,1.2887393105793632,4445.261456963791,0.08025672145879345,918.2665361527438,643.5648458201441,0.2991524568493107
2026-06-05,South,1.371740734493509,4489.287466430591,0.08163019629354379,989.0907349592516,690.9869524618935,0.30139174492382576
2026-06-05,West,1.2288790491894674,4461.076555171835,0.08509269378245901,967.2591788290431,679.1036564900933,0.2979093180462643
2026-06-06,East,0.9253804733164047,4446.422876132186,0.08541740024761094,960.9273916705927,671.1694602157487,0.30153988112576713
2026-06-06,North,2.136304169430821,4349.436059349513,0.07374304723704198,942.4926449531771,660.804438410194,0.29887576104848784
2026-06-06,South,1.9114033986562606,4422.366426805449,0.07782239952751814,978.7496975197528,685.3410382837267,0.29977905482837164
2026-06-06,West,1.3213849717960164,4530.498635467996,0.07721207926366004,963.3620471006011,673.9958889447383,0.3003711419053289
2026-06-07,East,2.1437527888723062,4483.319185375593,0.07915921601832934,873.4729011264349,612.8867858756761,0.29833337120671477
2026-06-07,North,1.6047807169695598,4474.967485389645,0.08326671392476637,867.4252237127885,608.4508083891901,0.298555320094481
2026-06-07,South,1.3278403077198209,4776.007557135353,0.09264115951120548,901.2086556035742,629.6892295796165,0.30128364206856256
2026-06-07,West,2.424628875141462,4354.344007224871,0.07438112991151742,852.6087895204292,600.5109962198197,0.29567815438826067
2026-06-08,East,1.4978650157698996,4363.830916488851,0.07594059154950068,919.3445221307768,643.6351454258577,0.2998977750646775
2026-06-08,North,1.7612761024401205,4633.397100796869,0.07859352476590495,861.0482691706576,604.78038408826,0.2976231347973431
2026-06-08,South,1.8717348183686997,4458.797958273616,0.08885202316050864,871.7361846560336,612.1484292429325,0.297782471328213
2026-06-08,West,1.0958026809353405,4483.439259218877,0.07904245434525058,885.1347644369014,619.8760615627779,0.29968171348785955
2026-06-09,East,1.4181889782134467,4307.818956853423,0.08187265070450837,907.9142261413082,637.443430815215,0.2979034665814312
2026-06-09,North,1.159024934039508,4153.91115600888,0.06560353542582528,1060.6281789736918,741.0292232621568,0.30132987417022267
2026-06-09,South,1.5761269668005844,4662.284833363738,0.06977430996777988,936.8187775231969,656.0981525538541,0.2996530724026737
2026-06-09,West,1.346654854033404,4388.688755351561,0.0778337400572187,906.1067728519583,634.7852283932282,0.2994366145225351
2026-06-10,East,1.6481286086197684,4305.68219091451,0.08067630077631086,967.284205742128,676.0970237049575,0.301035807582285
2026-06-10,North,1.760532505794815,4631.937927649288,0.0831227666265352,903.7029965490951,636.3602835445307,0.2958302827648537
2026-06-10,South,1.1224751945392684,4387.750993745186,0.08182047919712812,864.0126060790149,605.984000182974,0.2986398625212233
2026-06-10,West,1.1087486286774209,4612.220453331858,0.07379914241525366,954.9252887680311,670.1165713527439,0.29825235624739277
2026-06-11,East,1.105555997445778,4428.456195187872,0.08389073603331956,869.5781232523004,609.5648373311826,0.29901084096808317
2026-06-11,North,2.2033271018778215,4421.795608334378,0.07949070914350827,927.476214566763,652.059184176307,0.29695320059405206
2026-06-11,South,1.1417707718174381,4357.341810637094,0.08758001458064928,898.2236980798948,629.4656920441588,0.2992105492320585
2026-06-11,West,1.0249860218830145,4703.201433321394,0.07246675584085345,925.1842270396226,650.7546842225876,0.2966215103938235
2026-06-12,East,2.276199510569027,4386.493143916393,0.0856112536003623,890.2265418456177,626.6345240595641,0.29609543795400056
2026-06-12,North,2.227151898422976,4489.510379616931,0.0971918863269815,853.9315877770784,602.7788058528562,0.294113469415054
2026-06-12,South,1.3562582300292232,4812.397469660972,0.08200241642304076,895.2388128770292,628.1140781661305,0.2983837729872768
2026-06-12,West,1.8972957824517311,4425.214273652486,0.07505928660082724,932.0148606468607,654.7114015543432,0.297531156209308
2026-06-13,East,1.3251024265847327,4524.699869097455,0.07412346496741296,876.678104639725,615.420752092658,0.29800830106784976
2026-06-13,North,1.331250058277358,4478.584923486705,0.07812505312042908,873.4714976460808,612.2290646688613,0.29908524053874913
2026-06-13,South,1.8082644731535271,4396.052198660402,0.07758009877101102,910.3277425796914,638.4899074662121,0.29861534741668294
2026-06-13,West,0.5796621043563779,4399.649631533501,0.07824092310044259,935.1570405485619,655.0487507337953,0.2995307500978183
2026-06-14,East,2.005378662808604,4520.494562602779,0.08283493716213583,958.9546808834868,672.7969687293581,0.29840587658479445
2026-06-14,North,1.5821918309155838,4388.665254926211,0.0775858085344597,928.8221040171359,652.4018783037484,0.29760297964257726
2026-06-14,South,1.3343314313681156,4469.158360024133,0.07981565537528604,873.6865438989832,612.07032311669,0.2994394529813677
2026-06-14,West,1.6371582776933287,4496.598572181564,0.06792914210798526,935.9012988159798,655.6377680272955,0.2994584270192264
2026-06-15,East,1.9004420415967787,4676.0978347363325,0.08174802934660859,1006.2231752564583,702.5047974430063,0.3018399747511705
2026-06-15,North,1.2834386924323042,4450.735141036756,0.07597708770815066,939.2027641610483,657.7649205374307,0.2996561066076233
2026-06-15,South,0.6720450548230523,4630.196044321638,0.08502106956008249,853.1826695124031,597.6144375014451,0.29954690964013153
2026-06-15,West,1.5397536532469172,4685.842853430933,0.07934711437877441,909.6770615618957,637.7799780095232,0.2988940746571438
2026-06-16,East,1.5481296208716138,4584.681697174789,0.08725330686874283,859.222152380615,603.426591423029,0.2977059660867247
2026-06-16,North,1.9657219942299413,4593.224778923356,0.07965504676856058,929.6226705505067,652.7702388999569,0.29781161800475725
2026-06-16,South,1.0606279204577116,4387.71266296522,0.07688766454305875,862.5901815218501,604.1824604463245,0.29957183215281
2026-06-16,West,1.2160083517430924,4328.466274836729,0.07654006758645199,1029.8673676352728,718.8748317652752,0.301973385741974
2026-06-17,East,1.1691441271492142,4766.570371213773,0.08714007330574869,936.2493738783265,654.6657446393061,0.30075708149484387
2026-06-17,North,1.201903291021915,4576.679663392753,0.07561817880100438,962.1176767425155,672.4786127443838,0.30104328295762695
2026-06-17,South,1.2018144819743548,4311.053970966748,0.08224688610431005,917.1780558410451,641.4393140987999,0.30063818032518774
2026-06-17,West,1.8358486163674055,4597.579009474216,0.07830484497306263,912.3819833077121,638.4931957673876,0.30019092063543307
2026-06-18,East,1.3867588724212347,4340.83624205661,0.08112582550211565,919.1058629412398,645.0580027071139,0.29816789478106753
2026-06-18,North,1.5721202070449336,4431.894162346136,0.08205810143891187,892.961902535999,625.9008053240248,0.2990733383513054
2026-06-18,South,1.4591905071890339,4281.6415913867995,0.07023045918412638,851.1448160284325,598.331895930256,0.29702691638050377
2026-06-18,West,1.4094698589228838,4445.488022457083,0.08508748416826759,860.9329359763916,603.2379553422172,0.2993206205334917
2026-06-19,East,0.8576437119520138,4462.384434581583,0.07379579786225013,1035.9143628936313,722.5051230461859,0.3025435799268154
2026-06-19,North,1.0095556116345694,4693.608659147692,0.07866920312379302,904.8374996620979,633.6617736123588,0.2996954990824394
2026-06-19,South,1.8898954580822296,4528.012041347363,0.08142001741660809,919.9290986879641,645.2775236698924,0.2985573294830979
2026-06-19,West,1.8810341809822209,4374.846176013458,0.07802769688496572,878.2344737586969,617.8474506183544,0.29648918474576563
2026-06-20,East,1.1339187523348528,4656.038305596643,0.0876009776513704,891.455017873185,623.3227934893819,0.3007804308774968
2026-06-20,North,1.3107411325051939,4594.175809829103,0.0722162525523405,855.9451014147521,601.2548116018602,0.297554468612445
2026-06-20,South,1.0538043454146582,4282.710263317834,0.07891261491875165,887.0954663012443,622.141571986378,0.29867573939882125
2026-06-20,West,1.148512121267223,4607.959389496953,0.08122202874419995,895.7358836857945,628.1658790768903,0.2987152903910705
2026-06-21,East,1.6933588874340344,4635.142844942946,0.08187925591533987,949.012775065469,663.7995805457429,0.3005367282859288
2026-06-21,North,1.4218112339788316,4670.475961363442,0.08043531503877045,869.1850963041272,609.2326126128905,0.2990760941444853
2026-06-21,South,1.3792261232445573,4291.743556873867,0.08180679191176331,922.8681296112386,645.4536521663256,0.30060034423528614
2026-06-21,West,1.8153230604760946,4388.349130892472,0.08146242645324489,875.8513044732551,616.7222312474127,0.29585966465127894
2026-06-22,East,1.8706795394401183,4403.779209873692,0.07502774607180793,900.0740072363552,631.9506185997006,0.2978903806587169
2026-06-22,North,1.3514243971443776,4441.386626162924,0.08019394436558677,870.5593881952334,609.3550188886672,0.3000419877707274
2026-06-22,South,2.064561935037568,4433.89146613475,0.08408631624361039,882.0851603845861,620.0407165938459,0.29707386039290096
2026-06-22,West,2.3884920312978464,4818.102623631095,0.07419675032203053,859.3977730679253,604.7592598990407,0.2962987817153192
2026-06-23,East,1.0602203757449733,4640.751838842421,0.09381961465513163,926.6785381654819,649.7431879950353,0.29884726878285894
2026-06-23,North,1.504956385523139,4673.171528145975,0.0855319789020075,916.9083196408869,644.0439212811106,0.2975918011810008
2026-06-23,South,1.806660435397248,4687.772148351388,0.0858112614599182,958.6756847741879,669.9505747042004,0.3011707865919176
2026-06-23,West,0.8738837354732449,4760.970030815199,0.07492260043234886,1017.5919353520968,710.9730739377908,0.30131809300180123
2026-06-24,East,1.387961969188714,4527.465315349716,0.09175906683176524,895.748777121588,627.3430746075616,0.2996439508145634
2026-06-24,North,1.4096194894729903,4612.520301351727,0.0768573724601976,911.3089050265113,638.4981348497911,0.2993614664270001
2026-06-24,South,2.218278668461287,4720.869864150823,0.07888982498430838,846.5720765105656,594.89229630436,0.29729279666722447
2026-06-24,West,1.799290368826611,4438.044594070385,0.08099170323450469,883.1273122660166,620.614953959538,0.2972531306192967
2026-06-25,East,1.092166840899375,4432.192074347554,0.07617489912521508,1006.0476327753765,703.9172238300735,0.3003142188325796
2026-06-25,North,1.593930561906976,4426.127577815494,0.07028723074089853,863.4336391506347,606.0734689114981,0.29806595269128433
2026-06-25,South,1.4273979396471177,4362.604756609891,0.07865972798722658,874.6723708078821,613.2256567434531,0.29890816583465013
2026-06-25,West,1.2187929809716698,4472.692176125676,0.08608767020487518,882.1790422583083,617.5910786081336,0.2999254697468788
2026-06-26,East,1.4887980535409884,4557.215010892597,0.08006782074370614,894.8312178456646,626.4613767396561,0.29991112933243175
2026-06-26,North,1.618070843152438,4579.82394032813,0.08183314328689462,996.0282759775992,696.8315013466413,0.3003898401752671
2026-06-26,South,1.9451326141274958,4756.767992562175,0.06150699744260305,938.5121847147933,656.8470677041594,0.3001187641439411
2026-06-26,West,1.6565273085889327,4344.026765248421,0.08212450972182603,916.1832745835579,644.6440159859691,0.29638093832373696
2026-06-27,East,2.3806125377821314,4364.160728244105,0.08579239780999498,973.2462896129006,685.2997269436063,0.2958619680778051
2026-06-27,North,2.8947207777041712,4312.647272450786,0.08289970109901909,858.8251475651214,606.5039422028391,0.29379811021794716
2026-06-27,South,1.4214867438234964,4489.769620591813,0.08171310484179928,851.6230271145512,597.998750969707,0.29781284449783835
2026-06-27,West,1.5827944738424942,4509.565887105891,0.07351252978250582,942.8093856649083,662.5217973978295,0.29728977302173165
2026-06-28,East,1.6296197684284874,4542.326670286503,0.08327745111614318,984.6439586826525,688.9179537222318,0.3003380078176382
2026-06-28,North,1.8346119447056641,4353.029084736337,0.08300210632141622,888.495597119666,624.5311601605772,0.29709144064957815
2026-06-28,South,1.4624580415049642,4448.342288161158,0.09018442597723234,878.7886065374843,615.7709766444975,0.2992956758159425
2026-06-28,West,2.247846210182663,4653.030344661653,0.09484739317776728,993.999880075771,696.8792447726722,0.2989141560866685
2026-06-29,East,1.2963098670493811,4904.137744881755,0.0808473374936252,863.3195958007263,604.9179354686654,0.2993117051772631
2026-06-29,North,1.4892124128816504,4644.1421950801705,0.08718542773205697,913.1225169543735,640.184272760305,0.298906487493514
2026-06-29,South,1.5730834114832948,4754.21663886492,0.08357119033540383,847.2909245185688,594.5399922461291,0.2983047793366285
2026-06-29,West,1.5441660988268509,4029.206267785538,0.08181173621750558,889.5690676879649,623.1056729454435,0.2995421091192764
2026-06-30,East,1.7783072716225092,4623.467601690706,0.07826365153627043,884.819278146111,621.4236557205452,0.2976829607255359
2026-06-30,North,1.928658388033643,4153.914098839744,0.07564314324659792,901.1766087918759,631.4981555973568,0.29925150138556306
2026-06-30,South,1.484622960558766,4421.022685584198,0.07838589716223082,930.2009534780814,652.6649186100123,0.29836137431416726
2026-06-30,West,2.1484424835096663,4304.869159519549,0.07700439598521128,867.4831443475007,611.7091878577688,0.2948460245669888
2026-07-01,East,0.9031112054429556,5071.227206589764,0.06667343027685671,954.283317916149,667.7332266240688,0.3002777958204429
2026-07-01,North,1.819714818720103,4451.14393457136,0.08554427123115582,882.0563738263326,621.5198115560132,0.2953740486451223
2026-07-01,South,1.1272733895491414,4794.933465067218,0.08174852892387027,872.2102673653119,612.4617824017525,0.29780489256126547
2026-07-01,West,1.2727318995149275,4456.289370410612,0.07215989342924685,917.4647106443311,643.349562880472,0.29877459545157803
2026-07-02,East,1.6376848827618933,4427.34621674222,0.08709747834410689,906.6618041353859,636.2810041979079,0.2982157169346286
2026-07-02,North,2.040874032426696,4458.505401116098,0.07917075096361781,961.4162017955547,672.3113520181918,0.3007072787388298
2026-07-02,South,2.129798168303929,4568.521204511539,0.07549231622365633,865.0756435593605,609.6176152715915,0.2953013764630859
2026-07-02,West,1.5631281721702703,4189.4004296374005,0.08458192259980273,909.7861172249113,638.0633817111548,0.29866661006279466
2026-07-03,East,1.4572200340005481,4579.951897896378,0.08327376789421653,948.104003125234,665.0488613912563,0.298548619983613
2026-07-03,North,1.362496714772093,4679.305211030239,0.07719310083349248,1049.6349909809367,734.0550250939766,0.3006568650993949
2026-07-03,South,1.6215688710985083,4337.155456896138,0.07502375301426815,1026.746135338172,717.3052074077178,0.30138017303423875
2026-07-03,West,1.0155239688865643,4745.824555098636,0.0770773012230819,937.5742836425211,657.6458672066894,0.2985666536717457
2026-07-04,East,1.960396322883787,4547.485358358235,0.07993147053875191,964.3594032973178,676.5571072213891,0.2984388342062939
2026-07-04,North,1.353904595602332,4320.0061868642215,0.06787299478185052,985.9873926105302,691.3540401037131,0.29882060837181373
2026-07-04,South,2.10395226191313,4709.593369459483,0.08296222049614041,946.0925661382531,663.6901032068112,0.2984934804890691
2026-07-04,West,1.6639411287126706,4639.524482926249,0.07189375135722421,866.4062095019948,608.3788263773312,0.2978134047226834
2026-07-05,East,0.9900417128445348,4411.614352551301,0.08133036169960024,885.1835539376497,619.9750077062666,0.2996085332263908
2026-07-05,North,1.6991073397706955,4434.350625015937,0.09053052979575045,941.8875640275352,658.3611035761,0.30101943297676503
2026-07-05,South,1.9324445523294436,4114.679836547075,0.08826488259700942,913.1472126553995,641.4566225083557,0.2975320806784015
2026-07-05,West,1.195036249226542,4572.86700226876,0.07799071547912458,884.6274648161642,620.3744098273543,0.2987167655299112
2026-07-06,East,1.153542312541377,4428.283517759652,0.06760730964022257,1079.876951606392,755.702181875744,0.3001960262680071
2026-07-06,North,1.9814215614580255,4533.425332794899,0.08572741672193304,902.7084104952748,631.5164047281747,0.3004203822786025
2026-07-06,South,0.8736195133467181,4350.954877629674,0.0770700584995397,860.3890558430809,603.0689171580802,0.2990741652714968
2026-07-06,West,1.8881882828712684,4764.367376010184,0.06630219613638456,885.8139479737972,622.0998230652796,0.29770825522869104
2026-07-07,East,2.544329804023488,4399.385632249542,0.07302289701939241,997.2249683922955,700.9565638460952,0.29709284658589913
2026-07-07,North,1.2475673453165992,4493.366972664204,0.07453966541758886,895.7434024239808,629.5792718552043,0.29714327769370885
2026-07-07,South,1.766464126508805,4361.454501083769,0.08103773270668897,895.7334080254215,630.3059424922533,0.29632417765714864
2026-07-07,West,0.82468639747757,4650.7392057716,0.07653560057858803,993.0153020710366,694.857149087668,0.300255345875868
2026-07-08,East,1.3889016657730509,4475.101155444033,0.08936965809838382,962.1197992429892,672.7875731780557,0.3007237002009361
2026-07-08,North,1.8015886039465354,4512.9570819069795,0.0843755476625759,861.2311626035323,603.9458609011538,0.2987412821020038
2026-07-08,South,1.1571823226552944,4490.356634642187,0.0677714744376537,940.7141609326573,658.7570431346754,0.2997266645996267
2026-07-08,West,1.3988498893843335,4453.665170395459,0.07007918241267905,928.7694875284719,649.6540587799068,0.300521746780585
2026-07-09,East,2.0100748514460043,4751.496623551969,0.07682470850284077,1017.8708792933139,712.2838326019956,0.3002218188062133
2026-07-09,North,2.174064959287292,4396.92154922731,0.07812157257009568,875.1946615900284,614.8119128657329,0.2975140961797455
2026-07-09,South,1.6965253135347738,4672.08629015678,0.07860857440810773,858.2241395802313,602.473885863347,0.29799937093586654
2026-07-09,West,1.538911996029586,4309.8111049431645,0.07851162726823711,922.6172198129317,647.8291392873112,0.2978354128067716
2026-07-10,East,2.134040682987284,4786.905765609419,0.07413124058256933,966.0757271268702,679.1775452918761,0.29697276701924336
2026-07-10,North,1.3050432459650534,4454.609252127089,0.0715636184007223,881.0207668914328,617.9866892163786,0.2985560472122986
2026-07-10,South,2.0444744961421435,4452.830860927856,0.07408796051486607,962.7229106298274,674.7765193795959,0.2990958125862537
2026-07-10,West,1.5167607239184742,4631.0817158205155,0.07904738655068307,897.2588215511537,628.7406240274602,0.29926504044784696
2026-07-11,East,1.2508055287644677,4773.454446705183,0.0826077477239636,895.3849502057836,627.3842658060014,0.29931336721506036
2026-07-11,North,1.8582572148112178,4319.040887466215,0.0778730443585542,931.3942540267471,652.1806358843578,0.29978026698710025
2026-07-11,South,2.2963481756336255,4482.877805263915,0.07431857352908233,944.4870411398626,666.8433006365467,0.2939624668309256
2026-07-11,West,1.0967978557920695,4488.764028819005,0.08296699414924381,937.6022100292151,654.4318332890256,0.30201547491165376
2026-07-12,East,2.138535713759564,4434.960353920999,0.07580334302952527,878.7906462628653,618.2325627679099,0.29649619576972236
2026-07-12,North,1.2393572917934468,4283.034999273403,0.08505633397833753,904.0760192606322,631.8251946755828,0.3011370933250729
2026-07-12,South,1.425856968871433,4457.061420342963,0.08091599484014493,860.442526551018,604.7412423387123,0.2971741590193758
2026-07-12,West,1.326794036046432,4489.9291329367625,0.08629208435751815,880.2955962267505,617.0136085705935,0.29908361325976646
2026-07-13,East,1.584610295677346,4589.190431069941,0.06840616831366231,977.8846999541147,683.5724600770136,0.3009682428725095
2026-07-13,North,1.3442210302007815,4516.360370302847,0.0768291132263578,882.2190526838247,617.68549937697,0.299850193103526
2026-07-13,South,1.7070828919303964,4579.374789428007,0.07284008263052137,981.5098757329047,687.837309172038,0.2992049023873326
2026-07-13,West,0.7870722764628026,4459.315054232453,0.07571728395855695,865.0470475777786,606.3722580712506,0.2990297351234759
2026-07-14,East,0.8151110587879049,4622.798533996435,0.0843347028335795,875.8909783135884,613.8580049559323,0.299161630665686
2026-07-14,North,1.1838168426609137,4516.667524540497,0.07178675459124921,896.2953535532187,627.4372098593192,0.2999660130202111
2026-07-14,South,1.4721976370568826,4579.762433393548,0.08899193198012122,867.5124923691301,608.6482990797108,0.2983982312260139
2026-07-14,West,0.45524919940570313,4219.4694011184465,0.08065830231884238,950.034709737868,663.973225922018,0.3011063499930225
2026-07-15,East,1.8114983110369338,4583.472558686476,0.08169374407591976,920.0404477589359,644.1622260733252,0.29985444917949394
2026-07-15,North,1.552963805696975,4387.298433662117,0.07761216887976859,923.4441933880962,645.6905447296408,0.3007801128072325
2026-07-15,South,1.7030590530030427,4571.542258290907,0.0758591502169655,952.6414547930773,667.1454142559903,0.2996888694069055
2026-07-15,West,1.0687534152225662,4776.768231988296,0.07612330524084207,936.6829433397675,656.9350022002283,0.298658092504696
2026-07-16,East,1.3836925771136,4674.367510843489,0.07786212929682407,868.0810709173408,609.3871722912703,0.2980066117012514
2026-07-16,North,1.7780267041367988,4390.5840935305305,0.08459604449846535,899.3403791344159,631.2941987536009,0.2980475319464697
2026-07-16,South,1.0909741861757314,4462.794190221284,0.07590804387888062,881.2301159166435,617.1345665736319,0.29968965491868493
2026-07-16,West,6.386952299026012,3210.354800316188,0.11149299090069661,761.5028961216501,554.0991769438183,0.27236103793451505
2026-07-17,East,1.5035044014588559,4496.883693930822,0.07679395730503075,999.3011287168658,699.1229130055497,0.30038814836200023
2026-07-17,North,1.2186492329352414,4373.614536208858,0.07581065078969065,924.7691375499288,648.24359877045,0.2990211584180911
2026-07-17,South,1.274271896949745,4399.410214424297,0.07037379292497933,876.5537344321745,614.3731241189033,0.29910386552982965
2026-07-17,West,7.714185038703663,2828.896809164822,0.09679020159378064,812.3431095771839,598.4740333805938,0.26327431558803605
2026-07-18,East,0.707447048763823,4451.818281148339,0.07975557448728197,879.8307725433883,616.2790260993158,0.2995482252595065
2026-07-18,North,0.6310393703160753,4564.347642343815,0.083936848201677,877.7407293803786,615.0986870621385,0.2992250826774854
2026-07-18,South,1.427291145458306,4511.199057163396,0.07515220266411074,877.0261558217285,616.0288286194732,0.2975935500552024
2026-07-18,West,6.926713709261537,3120.7610398635325,0.1127565786658874,764.943534714824,559.4030479512678,0.268700207839763
2026-07-19,East,1.5517486349768552,4389.5372868644445,0.09050063691571868,966.5916048564371,677.7256785508489,0.2988500260650329
2026-07-19,North,1.231378743947793,4881.162187299971,0.08541617301444598,859.7042073335572,603.6859195622202,0.2977981096142342
2026-07-19,South,1.1578479082233082,4346.322276587013,0.08506981191304695,869.8371497635056,610.0209355284442,0.29869523773007534
2026-07-19,West,7.215916938532092,3292.2698694430487,0.10924521175145349,778.3679325493886,569.7052082915305,0.2680772363969633
2026-07-20,East,1.9027222242312714,4629.613110243958,0.07663603946785544,889.7893741581207,624.4264455106628,0.29823117285316264
2026-07-20,North,1.6364296603655455,4488.232997594419,0.08236038595355102,894.9931961501035,628.635611516944,0.2976085022533371
2026-07-20,South,0.776101858115199,4593.155659495376,0.08055900845358693,881.4624599614921,618.311107034423,0.2985394896324515
2026-07-20,West,6.204764807717541,3074.410402560339,0.09994802298185379,882.0848008838062,639.1340930913634,0.27542783590536646
2026-07-21,East,1.8814657847368548,4633.37671330589,0.0807815147084508,882.4599313354665,619.541002085485,0.2979386597781209
2026-07-21,North,1.4744927824768304,4688.338782753122,0.07748345370558544,877.1146141466165,615.3370709383362,0.29845306301614327
2026-07-21,South,2.0194244710340863,4533.505824611363,0.07515747565053987,864.6166455812245,607.3423373540329,0.29755881932419087
2026-07-21,West,7.55590354369528,3248.640231619461,0.10872904821448663,806.903093265063,592.5991033838213,0.26558826167598304
2026-07-22,East,1.4832002997366778,4734.750909069471,0.08736122127307604,945.217055590419,661.5861114014718,0.30006964274653336
2026-07-22,North,1.3892449177457062,4587.971501055601,0.0778978212498316,947.9765733644421,664.0639570581624,0.2994932831500803
2026-07-22,South,1.4502462958909472,4301.861769178343,0.08981178152613514,878.6833355024905,615.8975760762087,0.2990676490706441
2026-07-22,West,7.092900027776008,3255.422045056086,0.11965722244880413,776.1608350705122,566.8360156156505,0.26969258173899635
2026-07-23,East,1.5145134499363277,4491.155835108453,0.0797690812781342,921.720493283251,645.7621498812117,0.29939482241416915
2026-07-23,North,1.11451628362944,4747.877816999453,0.07775586237455963,910.5301794862269,638.2235752256853,0.29906378766510794
2026-07-23,South,1.6403034701873023,4434.451888240668,0.08305289727068091,883.5688372553797,620.1224907402556,0.29816165465213174
2026-07-23,West,8.308153203515959,3208.6199775139457,0.12564945302687247,807.7144322097731,596.7144457682979,0.2612309227460678
2026-07-24,East,1.7729805208159604,4483.210714122763,0.06154643194133023,1047.350001310118,731.0125943575806,0.3020360018683673
2026-07-24,North,1.236060237346856,4344.080163089309,0.06997065020711267,935.4314000574401,654.5240453067169,0.30029711931144726
2026-07-24,South,1.5493539435949946,4327.952972684512,0.07402438959425621,935.6461151032455,654.6996169501589,0.300270041865225
2026-07-24,West,6.3946994553279195,2913.087141442371,0.12092526123296314,794.7991351587013,578.7038176405094,0.2718867043999024
2026-07-25,East,0.9533558643733298,4373.659234986304,0.08774693226058168,921.2119736548917,644.0264720203675,0.30089220457566984
2026-07-25,North,1.8115537493180647,4620.247377469773,0.08105523448268863,867.6051961381215,609.0594544102113,0.2979993006943104
2026-07-25,South,1.702298814215561,4398.709848991826,0.08868552117017031,867.6000824938992,609.5181305783212,0.2974664907519678
2026-07-25,West,8.121820552990242,3265.7906283303073,0.11819794329647063,788.5981339579511,580.7695234752359,0.26354184917941587
2026-07-26,East,1.0853275229971,4651.571694448131,0.07516389557281508,1007.169868506066,703.8689185164209,0.30114180286144887
2026-07-26,North,1.5516586772039167,4685.593466805054,0.07531306875333521,977.4723307819758,683.2176757627085,0.30103630123613234
2026-07-26,South,1.4248643985327427,4697.37719798596,0.06835966762138027,867.6875935929029,609.6061999296874,0.29743584622958297
2026-07-26,West,6.702454251219396,3459.9858130118027,0.12025612582707965,777.8983635362937,565.6833635630549,0.2728055616527052
2026-07-27,East,1.0935182277144644,4329.31343406669,0.065877251800982,982.7602892289258,687.5722557314175,0.30036626096188007
2026-07-27,North,2.0258679777994755,4339.711071618978,0.08567471756603842,904.2618800618358,633.733817727245,0.299170039453716
2026-07-27,South,1.3249592912634214,4579.2492686220685,0.07682432853462728,963.1517728382407,672.7914478984011,0.3014689201933339
2026-07-27,West,6.14437040106437,3129.793684770779,0.11672145096357964,942.1303788111421,683.8460806599046,0.27414920902684614
2026-07-28,East,1.1167977896467542,4457.412978454209,0.08150642359040325,911.5748858165928,639.6796113504513,0.29826981710073824
2026-07-28,North,1.7611614511426787,4485.188823478957,0.08310545077408134,931.4316471717161,651.9522167006758,0.3000536124359497
2026-07-28,South,1.3882735645661333,4210.763428001841,0.08183193691193871,899.3043706349891,630.7737742381248,0.298598122243371
2026-07-28,West,7.017339685311801,3240.6261918408954,0.10561922206078275,779.4203991263633,569.5682570473977,0.2692412750733555
2026-07-29,East,1.0563451996878406,4352.965384005436,0.09055288137642063,965.2392320757984,675.599344741635,0.3000705708068635
2026-07-29,North,1.807418139875999,4862.317156384647,0.08990796620330956,860.6987872719869,604.5731597382719,0.2975787015403073
2026-07-29,South,1.941997918137273,4293.170923326486,0.08165808335585707,841.266045881748,591.9422904975784,0.2963673104420236
2026-07-29,West,6.686705024459094,3334.1096026080504,0.11526703522915993,805.205183322973,586.2146621336694,0.2719685935025396
